{"parent":"nova:block/base","textures":{"0":"machines:block/machine_side","1":"machines:block/machine_top","2":"machines:block/quarry_front","3":"machines:block/quarry_side","particle":"machines:block/machine_side"},"elements":[{"from":[0.0,0.0,0.0],"to":[16.0,16.0,16.0],"faces":{"north":{"uv":[0.0,0.0,16.0,16.0],"texture":"#2"},"east":{"uv":[0.0,0.0,16.0,16.0],"texture":"#0"},"south":{"uv":[0.0,0.0,16.0,16.0],"texture":"#3"},"west":{"uv":[0.0,0.0,16.0,16.0],"texture":"#3"},"up":{"uv":[0.0,0.0,16.0,16.0],"texture":"#1"},"down":{"uv":[0.0,0.0,16.0,16.0],"texture":"#1"}}},{"from":[13.0,12.0,-0.5],"to":[14.0,13.0,0.0],"faces":{"north":{"uv":[2.0,3.0,3.0,4.0],"texture":"#2"},"east":{"uv":[2.0,3.0,3.0,4.0],"texture":"#2"},"west":{"uv":[2.0,3.0,3.0,4.0],"texture":"#2"},"up":{"uv":[2.0,3.0,3.0,4.0],"texture":"#2"},"down":{"uv":[2.0,3.0,3.0,4.0],"texture":"#2"}}},{"from":[13.0,10.0,-0.5],"to":[14.0,11.0,0.0],"faces":{"north":{"uv":[2.0,5.0,3.0,6.0],"texture":"#2"},"east":{"uv":[2.0,5.0,3.0,6.0],"texture":"#2"},"west":{"uv":[2.0,5.0,3.0,6.0],"texture":"#2"},"up":{"uv":[2.0,5.0,3.0,6.0],"texture":"#2"},"down":{"uv":[2.0,5.0,3.0,6.0],"texture":"#2"}}},{"from":[2.0,9.0,-0.25],"to":[12.0,14.0,0.0],"faces":{"north":{"uv":[4.0,2.0,14.0,7.0],"texture":"#2"},"east":{"uv":[4.0,2.0,5.0,3.0],"texture":"#2"},"west":{"uv":[4.0,2.0,5.0,3.0],"texture":"#2"},"up":{"uv":[4.0,2.0,5.0,3.0],"texture":"#2"},"down":{"uv":[4.0,2.0,5.0,3.0],"texture":"#2"}}},{"from":[2.0,2.0,-0.25],"to":[14.0,8.0,0.0],"faces":{"north":{"uv":[2.0,8.0,14.0,14.0],"texture":"#2"},"east":{"uv":[2.0,8.0,3.0,9.0],"texture":"#2"},"west":{"uv":[2.0,8.0,3.0,9.0],"texture":"#2"},"up":{"uv":[2.0,8.0,3.0,9.0],"texture":"#2"},"down":{"uv":[2.0,8.0,3.0,9.0],"texture":"#2"}}},{"from":[3.0,3.0,-0.5],"to":[7.0,7.0,-0.25],"faces":{"north":{"uv":[9.0,9.0,13.0,13.0],"texture":"#2"},"east":{"uv":[9.0,9.0,10.0,10.0],"texture":"#2"},"west":{"uv":[9.0,9.0,10.0,10.0],"texture":"#2"},"up":{"uv":[9.0,9.0,10.0,10.0],"texture":"#2"},"down":{"uv":[9.0,9.0,10.0,10.0],"texture":"#2"}}},{"from":[-1.0,4.0,3.0],"to":[0.0,12.0,4.0],"faces":{"north":{"uv":[3.0,3.0,4.0,13.0],"texture":"#3","rotation":180},"south":{"uv":[3.0,3.0,4.0,13.0],"texture":"#3","rotation":180},"west":{"uv":[3.0,3.0,4.0,13.0],"texture":"#3"}}},{"from":[-1.0,4.0,12.0],"to":[0.0,12.0,13.0],"faces":{"north":{"uv":[12.0,3.0,13.0,13.0],"texture":"#3","rotation":180},"south":{"uv":[12.0,3.0,13.0,13.0],"texture":"#3","rotation":180},"west":{"uv":[12.0,3.0,13.0,13.0],"texture":"#3"}}},{"from":[-1.0,12.0,3.0],"to":[0.0,13.0,13.0],"faces":{"north":{"uv":[3.0,3.0,4.0,4.0],"texture":"#3"},"south":{"uv":[12.0,3.0,13.0,4.0],"texture":"#3"},"west":{"uv":[3.0,3.0,13.0,4.0],"texture":"#3"},"up":{"uv":[3.0,3.0,13.0,4.0],"texture":"#3","rotation":270},"down":{"uv":[3.0,3.0,13.0,4.0],"texture":"#3","rotation":90}}},{"from":[-1.0,3.0,3.0],"to":[0.0,4.0,13.0],"faces":{"north":{"uv":[3.0,12.0,4.0,13.0],"texture":"#3"},"south":{"uv":[12.0,12.0,13.0,13.0],"texture":"#3"},"west":{"uv":[3.0,12.0,13.0,13.0],"texture":"#3"},"up":{"uv":[3.0,12.0,13.0,13.0],"texture":"#3","rotation":270},"down":{"uv":[3.0,12.0,13.0,13.0],"texture":"#3","rotation":90}}},{"from":[3.0,4.0,16.0],"to":[4.0,12.0,17.0],"faces":{"east":{"uv":[3.0,3.0,4.0,13.0],"texture":"#3","rotation":180},"south":{"uv":[3.0,3.0,4.0,13.0],"texture":"#3"},"west":{"uv":[3.0,3.0,4.0,13.0],"texture":"#3","rotation":180}}},{"from":[12.0,4.0,16.0],"to":[13.0,12.0,17.0],"faces":{"east":{"uv":[12.0,3.0,13.0,13.0],"texture":"#3","rotation":180},"south":{"uv":[12.0,3.0,13.0,13.0],"texture":"#3"},"west":{"uv":[12.0,3.0,13.0,13.0],"texture":"#3","rotation":180}}},{"from":[3.0,12.0,16.0],"to":[13.0,13.0,17.0],"faces":{"east":{"uv":[12.0,3.0,13.0,4.0],"texture":"#3"},"south":{"uv":[3.0,3.0,13.0,4.0],"texture":"#3"},"west":{"uv":[3.0,3.0,4.0,4.0],"texture":"#3"},"up":{"uv":[3.0,3.0,13.0,4.0],"texture":"#3","rotation":180},"down":{"uv":[3.0,3.0,13.0,4.0],"texture":"#3","rotation":180}}},{"from":[3.0,3.0,16.0],"to":[13.0,4.0,17.0],"faces":{"east":{"uv":[12.0,12.0,13.0,13.0],"texture":"#3"},"south":{"uv":[3.0,12.0,13.0,13.0],"texture":"#3"},"west":{"uv":[3.0,12.0,4.0,13.0],"texture":"#3"},"up":{"uv":[3.0,12.0,13.0,13.0],"texture":"#3","rotation":180},"down":{"uv":[3.0,12.0,13.0,13.0],"texture":"#3","rotation":180}}}]}