{"parent":"nova:block/base","textures":{"0":"machines:block/star_collector_glass","2":"machines:block/star_collector_plate_top","3":"machines:block/star_collector_plate_bottom","4":"machines:block/star_collector_side","5":"machines:block/star_collector_inside"},"elements":[{"from":[5.0,8.0,5.0],"to":[11.0,14.0,11.0],"faces":{"north":{"uv":[0.0,0.0,16.0,16.0],"texture":"#0"},"east":{"uv":[0.0,0.0,16.0,16.0],"texture":"#0"},"south":{"uv":[0.0,0.0,16.0,16.0],"texture":"#0"},"west":{"uv":[0.0,0.0,16.0,16.0],"texture":"#0"},"up":{"uv":[0.0,0.0,16.0,16.0],"texture":"#0"}}},{"from":[1.0,1.0,1.0],"to":[15.0,6.0,15.0],"faces":{"north":{"uv":[2.0,10.0,16.0,16.0],"texture":"#5"},"east":{"uv":[2.0,10.0,16.0,16.0],"texture":"#5"},"south":{"uv":[2.0,10.0,16.0,16.0],"texture":"#5"},"west":{"uv":[2.0,10.0,16.0,16.0],"texture":"#5"},"up":{"uv":[0.0,0.0,15.0,15.0],"texture":"#5"}}},{"from":[1.0,6.0,0.0],"to":[15.0,7.0,1.0],"rotation":{"angle":0.0,"axis":"y","origin":[8.0,8.0,8.0]},"faces":{"north":{"uv":[1.0,9.0,15.0,10.0],"texture":"#4"},"south":{"uv":[1.0,9.0,15.0,10.0],"texture":"#4"},"up":{"uv":[1.0,15.0,15.0,16.0],"texture":"#4"},"down":{"uv":[1.0,9.0,15.0,10.0],"texture":"#4"}}},{"from":[1.0,3.0,0.0],"to":[15.0,4.0,1.0],"rotation":{"angle":0.0,"axis":"y","origin":[8.0,8.0,8.0]},"faces":{"north":{"uv":[1.0,12.0,15.0,13.0],"texture":"#4"},"up":{"uv":[1.0,12.0,15.0,13.0],"texture":"#4"},"down":{"uv":[1.0,12.0,15.0,13.0],"texture":"#4"}}},{"from":[0.0,6.0,1.0],"to":[1.0,7.0,15.0],"rotation":{"angle":0.0,"axis":"y","origin":[8.0,8.0,8.0]},"faces":{"east":{"uv":[1.0,9.0,15.0,10.0],"texture":"#4","rotation":270},"west":{"uv":[1.0,9.0,15.0,10.0],"texture":"#4"},"up":{"uv":[15.0,1.0,16.0,15.0],"texture":"#4"},"down":{"uv":[1.0,9.0,15.0,10.0],"texture":"#4","rotation":90}}},{"from":[0.0,3.0,1.0],"to":[1.0,4.0,15.0],"rotation":{"angle":0.0,"axis":"y","origin":[8.0,8.0,8.0]},"faces":{"west":{"uv":[1.0,12.0,15.0,13.0],"texture":"#4"},"up":{"uv":[1.0,12.0,15.0,13.0],"texture":"#4","rotation":270},"down":{"uv":[1.0,12.0,15.0,13.0],"texture":"#4","rotation":90}}},{"from":[1.0,6.0,15.0],"to":[15.0,7.0,16.0],"rotation":{"angle":0.0,"axis":"y","origin":[8.0,8.0,8.0]},"faces":{"north":{"uv":[1.0,9.0,15.0,10.0],"texture":"#4","rotation":180},"south":{"uv":[1.0,9.0,15.0,10.0],"texture":"#4"},"up":{"uv":[1.0,9.0,15.0,10.0],"texture":"#4","rotation":180},"down":{"uv":[1.0,9.0,15.0,10.0],"texture":"#4","rotation":180}}},{"from":[1.0,3.0,15.0],"to":[15.0,4.0,16.0],"rotation":{"angle":0.0,"axis":"y","origin":[8.0,8.0,8.0]},"faces":{"south":{"uv":[1.0,12.0,15.0,13.0],"texture":"#4"},"up":{"uv":[1.0,12.0,15.0,13.0],"texture":"#4","rotation":180},"down":{"uv":[1.0,12.0,15.0,13.0],"texture":"#4","rotation":180}}},{"from":[15.0,6.0,1.0],"to":[16.0,7.0,15.0],"rotation":{"angle":0.0,"axis":"y","origin":[8.0,8.0,8.0]},"faces":{"east":{"uv":[1.0,9.0,15.0,10.0],"texture":"#4"},"west":{"uv":[1.0,9.0,15.0,10.0],"texture":"#4"},"up":{"uv":[0.0,1.0,1.0,15.0],"texture":"#4"},"down":{"uv":[1.0,9.0,15.0,10.0],"texture":"#4","rotation":270}}},{"from":[15.0,3.0,1.0],"to":[16.0,4.0,15.0],"rotation":{"angle":0.0,"axis":"y","origin":[8.0,8.0,8.0]},"faces":{"east":{"uv":[1.0,12.0,15.0,13.0],"texture":"#4"},"up":{"uv":[1.0,12.0,15.0,13.0],"texture":"#4","rotation":90},"down":{"uv":[1.0,12.0,15.0,13.0],"texture":"#4","rotation":270}}},{"from":[0.0,1.0,0.0],"to":[1.0,7.0,1.0],"rotation":{"angle":0.0,"axis":"y","origin":[8.0,8.0,8.0]},"faces":{"north":{"uv":[15.0,9.0,16.0,15.0],"texture":"#4"},"east":{"uv":[15.0,9.0,16.0,15.0],"texture":"#4"},"south":{"uv":[0.0,9.0,1.0,15.0],"texture":"#4"},"west":{"uv":[0.0,9.0,1.0,15.0],"texture":"#4"},"up":{"uv":[15.0,15.0,16.0,16.0],"texture":"#4"}}},{"from":[0.0,1.0,15.0],"to":[1.0,7.0,16.0],"rotation":{"angle":0.0,"axis":"y","origin":[8.0,8.0,8.0]},"faces":{"north":{"uv":[15.0,9.0,16.0,15.0],"texture":"#4"},"east":{"uv":[0.0,9.0,1.0,15.0],"texture":"#4"},"south":{"uv":[0.0,9.0,1.0,15.0],"texture":"#4"},"west":{"uv":[15.0,9.0,16.0,15.0],"texture":"#4"},"up":{"uv":[15.0,0.0,16.0,1.0],"texture":"#4"}}},{"from":[15.0,1.0,15.0],"to":[16.0,7.0,16.0],"rotation":{"angle":0.0,"axis":"y","origin":[8.0,8.0,8.0]},"faces":{"north":{"uv":[0.0,9.0,1.0,15.0],"texture":"#4"},"east":{"uv":[0.0,9.0,1.0,15.0],"texture":"#4"},"south":{"uv":[15.0,9.0,16.0,15.0],"texture":"#4"},"west":{"uv":[15.0,9.0,16.0,15.0],"texture":"#4"},"up":{"uv":[0.0,0.0,1.0,1.0],"texture":"#4"}}},{"from":[15.0,1.0,0.0],"to":[16.0,7.0,1.0],"rotation":{"angle":0.0,"axis":"y","origin":[8.0,8.0,8.0]},"faces":{"north":{"uv":[0.0,9.0,1.0,15.0],"texture":"#4"},"east":{"uv":[15.0,9.0,16.0,15.0],"texture":"#4"},"south":{"uv":[15.0,9.0,16.0,15.0],"texture":"#4"},"west":{"uv":[0.0,9.0,1.0,15.0],"texture":"#4"},"up":{"uv":[0.0,15.0,1.0,16.0],"texture":"#4","rotation":90}}},{"from":[4.0,6.0,4.0],"to":[12.0,8.0,12.0],"faces":{"north":{"uv":[4.0,4.0,12.0,6.0],"texture":"#2"},"east":{"uv":[4.0,4.0,12.0,6.0],"texture":"#2"},"south":{"uv":[4.0,4.0,12.0,6.0],"texture":"#2"},"west":{"uv":[4.0,4.0,12.0,6.0],"texture":"#2"},"up":{"uv":[4.0,4.0,12.0,12.0],"texture":"#2"}}},{"from":[0.0,0.0,0.0],"to":[16.0,1.0,16.0],"faces":{"north":{"uv":[0.0,15.0,16.0,16.0],"texture":"#4"},"east":{"uv":[0.0,15.0,16.0,16.0],"texture":"#4"},"south":{"uv":[0.0,15.0,16.0,16.0],"texture":"#4"},"west":{"uv":[0.0,15.0,16.0,16.0],"texture":"#4"},"up":{"uv":[0.0,0.0,16.0,16.0],"texture":"#3"},"down":{"uv":[0.0,0.0,16.0,16.0],"texture":"#3"}}},{"from":[2.0,6.0,3.0],"to":[3.0,6.5,13.0],"faces":{"east":{"uv":[2.0,3.0,3.0,13.0],"texture":"#2"},"west":{"uv":[2.0,3.0,3.0,13.0],"texture":"#2"},"up":{"uv":[2.0,3.0,3.0,13.0],"texture":"#2"}}},{"from":[2.0,6.0,2.0],"to":[14.0,6.5,3.0],"faces":{"north":{"uv":[2.0,13.0,14.0,14.0],"texture":"#2"},"east":{"uv":[2.0,13.0,3.0,14.0],"texture":"#2"},"south":{"uv":[2.0,13.0,14.0,14.0],"texture":"#2"},"west":{"uv":[13.0,13.0,14.0,14.0],"texture":"#2"},"up":{"uv":[2.0,13.0,14.0,14.0],"texture":"#2"}}},{"from":[2.0,6.0,13.0],"to":[14.0,6.5,14.0],"faces":{"north":{"uv":[2.0,2.0,14.0,3.0],"texture":"#2"},"east":{"uv":[2.0,2.0,3.0,3.0],"texture":"#2"},"south":{"uv":[2.0,2.0,14.0,3.0],"texture":"#2"},"west":{"uv":[2.0,2.0,3.0,3.0],"texture":"#2"},"up":{"uv":[2.0,2.0,14.0,3.0],"texture":"#2"}}},{"from":[13.0,6.0,3.0],"to":[14.0,6.5,13.0],"faces":{"east":{"uv":[2.0,3.0,3.0,13.0],"texture":"#2"},"west":{"uv":[2.0,3.0,3.0,13.0],"texture":"#2"},"up":{"uv":[2.0,3.0,3.0,13.0],"texture":"#2"}}}]}