{"parent":"nova:block/base","textures":{"0":"machines:block/solar_panel_top","1":"machines:block/solar_panel_stand","2":"machines:block/solar_panel_side"},"elements":[{"from":[0.0,0.0,0.0],"to":[16.0,3.0,16.0],"faces":{"north":{"uv":[0.0,0.0,16.0,3.0],"texture":"#1"},"east":{"uv":[0.0,0.0,16.0,3.0],"texture":"#1"},"south":{"uv":[0.0,0.0,16.0,3.0],"texture":"#1"},"west":{"uv":[0.0,0.0,16.0,3.0],"texture":"#1"},"up":{"uv":[0.0,0.0,16.0,16.0],"texture":"#1","rotation":180},"down":{"uv":[0.0,0.0,16.0,16.0],"texture":"#1","rotation":180}}},{"from":[0.0,12.0,0.0],"to":[16.0,13.0,16.0],"rotation":{"angle":-22.5,"axis":"x","origin":[8.0,12.0,8.0]},"faces":{"north":{"uv":[15.0,0.0,16.0,16.0],"texture":"#2","rotation":270},"east":{"uv":[0.0,0.0,1.0,16.0],"texture":"#2","rotation":270},"south":{"uv":[10.0,0.0,9.0,16.0],"texture":"#2","rotation":90},"west":{"uv":[15.0,0.0,16.0,16.0],"texture":"#2","rotation":90},"up":{"uv":[0.0,0.0,16.0,16.0],"texture":"#0","rotation":180},"down":{"uv":[0.0,0.0,16.0,16.0],"texture":"#1","rotation":180}}},{"from":[7.0,3.0,7.0],"to":[9.0,12.0,9.0],"faces":{"north":{"uv":[0.0,0.0,2.0,10.0],"texture":"#1"},"east":{"uv":[0.0,0.0,2.0,10.0],"texture":"#1"},"south":{"uv":[0.0,0.0,2.0,10.0],"texture":"#1"},"west":{"uv":[0.0,0.0,2.0,10.0],"texture":"#1"}}},{"from":[7.0,12.0,8.0],"to":[9.0,13.0,9.0],"faces":{"east":{"uv":[0.0,0.0,1.0,1.0],"texture":"#1"},"south":{"uv":[0.0,0.0,2.0,1.0],"texture":"#1"},"west":{"uv":[0.0,0.0,1.0,1.0],"texture":"#1"}}},{"from":[7.0,12.0,8.0],"to":[9.0,13.0,9.0],"faces":{"east":{"uv":[0.0,0.0,1.0,1.0],"texture":"#1"},"south":{"uv":[0.0,0.0,2.0,1.0],"texture":"#1"},"west":{"uv":[0.0,0.0,1.0,1.0],"texture":"#1"}}}]}