{"textures":{"1":"machines:block/wind_turbine"},"elements":[{"from":[5.0,5.0,0.0],"to":[11.0,11.0,3.0],"faces":{"north":{"uv":[13.5,0.0,15.0,1.5],"texture":"#1","rotation":180},"east":{"uv":[13.5,0.0,15.0,0.75],"texture":"#1","rotation":90},"west":{"uv":[13.5,0.0,15.0,0.75],"texture":"#1","rotation":270},"up":{"uv":[13.5,0.0,15.0,0.75],"texture":"#1"},"down":{"uv":[13.5,0.0,15.0,0.75],"texture":"#1","rotation":180}}},{"from":[6.0,6.0,-2.0],"to":[10.0,10.0,0.0],"faces":{"north":{"uv":[13.75,0.25,14.75,1.25],"texture":"#1","rotation":180},"east":{"uv":[13.75,0.0,14.75,0.5],"texture":"#1","rotation":90},"west":{"uv":[13.75,0.0,14.75,0.5],"texture":"#1","rotation":270},"up":{"uv":[13.75,0.0,14.75,0.5],"texture":"#1"},"down":{"uv":[13.75,0.0,14.75,0.5],"texture":"#1","rotation":180}}}]}