{"parent":"nova:block/base","textures":{"1":"logistics:block/cable/attachment"},"elements":[{"from":[2.0,2.0,15.0],"to":[14.0,14.0,16.0],"rotation":{"angle":0.0,"axis":"x","origin":[8.0,8.0,8.0]},"faces":{"north":{"uv":[2.0,2.0,14.0,14.0],"texture":"#1"},"east":{"uv":[2.0,2.0,3.0,14.0],"texture":"#1"},"south":{"uv":[2.0,2.0,14.0,14.0],"texture":"#1"},"west":{"uv":[13.0,2.0,14.0,14.0],"texture":"#1"},"up":{"uv":[2.0,2.0,14.0,3.0],"texture":"#1","rotation":180},"down":{"uv":[2.0,13.0,14.0,14.0],"texture":"#1","rotation":180}}},{"from":[5.0,5.0,14.0],"to":[11.0,11.0,15.0],"rotation":{"angle":0.0,"axis":"x","origin":[8.0,8.0,8.0]},"faces":{"north":{"uv":[4.0,4.0,12.0,12.0],"texture":"#1"},"east":{"uv":[3.0,5.0,4.0,11.0],"texture":"#1"},"west":{"uv":[12.0,5.0,13.0,11.0],"texture":"#1"},"up":{"uv":[5.0,3.0,11.0,4.0],"texture":"#1","rotation":180},"down":{"uv":[5.0,13.0,11.0,14.0],"texture":"#1","rotation":180}}},{"from":[6.5,6.5,11.0],"to":[9.5,9.5,14.0],"rotation":{"angle":0.0,"axis":"x","origin":[8.0,8.0,8.0]},"faces":{"north":{"uv":[0.0,6.0,2.0,8.0],"texture":"#2"},"east":{"uv":[0.0,0.0,7.5,7.5],"texture":"#2","rotation":270},"west":{"uv":[0.0,0.0,7.5,7.5],"texture":"#2","rotation":90},"up":{"uv":[0.0,0.0,7.5,7.5],"texture":"#2","rotation":180},"down":{"uv":[0.0,0.0,7.5,7.5],"texture":"#2"}}}]}