{"parent":"nova:block/base","textures":{"1":"machines:block/quarry_scaffolding"},"elements":[{"from":[1.0,7.0,7.0],"to":[7.0,9.0,9.0],"faces":{"north":{"uv":[2.0,0.0,6.0,1.0],"texture":"#1"},"south":{"uv":[2.0,0.0,6.0,1.0],"texture":"#1"},"up":{"uv":[2.0,0.0,6.0,1.0],"texture":"#1"},"down":{"uv":[2.0,0.0,6.0,1.0],"texture":"#1"}}},{"from":[7.0,7.0,0.0],"to":[9.0,9.0,9.0],"faces":{"east":{"uv":[2.0,0.0,6.0,1.0],"texture":"#1"},"south":{"uv":[4.0,0.0,5.0,1.0],"texture":"#1","rotation":90},"west":{"uv":[2.0,0.0,6.0,1.0],"texture":"#1"},"up":{"uv":[2.0,0.0,6.0,1.0],"texture":"#1","rotation":90},"down":{"uv":[2.0,0.0,6.0,1.0],"texture":"#1","rotation":90}}},{"from":[7.0,0.0,7.0],"to":[9.0,7.0,9.0],"faces":{"north":{"uv":[2.0,0.0,6.0,1.0],"texture":"#1","rotation":90},"east":{"uv":[2.0,0.0,6.0,1.0],"texture":"#1","rotation":90},"south":{"uv":[2.0,0.0,6.0,1.0],"texture":"#1","rotation":90},"west":{"uv":[2.0,0.0,6.0,1.0],"texture":"#1","rotation":90}}},{"from":[0.0,4.0,4.0],"to":[4.0,12.0,12.0],"faces":{"north":{"uv":[12.0,0.0,16.0,8.0],"texture":"#1"},"south":{"uv":[12.0,0.0,16.0,8.0],"texture":"#1"},"up":{"uv":[12.0,0.0,16.0,8.0],"texture":"#1"},"down":{"uv":[12.0,0.0,16.0,8.0],"texture":"#1"}}},{"from":[4.0,4.0,4.0],"to":[12.0,12.0,12.0],"faces":{"east":{"uv":[4.0,0.0,12.0,8.0],"texture":"#1"},"south":{"uv":[4.0,0.0,12.0,8.0],"texture":"#1"},"up":{"uv":[0.0,8.0,8.0,16.0],"texture":"#1","rotation":90}}},{"from":[4.0,4.0,0.0],"to":[12.0,12.0,4.0],"faces":{"east":{"uv":[0.0,0.0,4.0,8.0],"texture":"#1"},"west":{"uv":[0.0,0.0,4.0,8.0],"texture":"#1"},"up":{"uv":[0.0,0.0,4.0,8.0],"texture":"#1","rotation":90},"down":{"uv":[0.0,0.0,4.0,8.0],"texture":"#1","rotation":90}}},{"from":[4.0,0.0,4.0],"to":[12.0,4.0,12.0],"faces":{"north":{"uv":[0.0,0.0,4.0,8.0],"texture":"#1","rotation":90},"east":{"uv":[0.0,0.0,4.0,8.0],"texture":"#1","rotation":90},"south":{"uv":[0.0,0.0,4.0,8.0],"texture":"#1","rotation":90},"west":{"uv":[12.0,0.0,16.0,8.0],"texture":"#1","rotation":90}}}]}