{"parent":"nova:block/base","textures":{"1":"machines:block/quarry_scaffolding"},"elements":[{"from":[4.0,0.0,4.0],"to":[12.0,16.0,12.0],"faces":{"north":{"uv":[0.0,0.0,16.0,8.0],"texture":"#1","rotation":270},"east":{"uv":[0.0,0.0,16.0,8.0],"texture":"#1","rotation":90},"south":{"uv":[0.0,0.0,16.0,8.0],"texture":"#1","rotation":90},"west":{"uv":[0.0,0.0,16.0,8.0],"texture":"#1","rotation":270}}},{"from":[7.0,0.0,7.0],"to":[9.0,16.0,9.0],"faces":{"north":{"uv":[0.0,0.0,8.0,1.0],"texture":"#1","rotation":270},"east":{"uv":[0.0,0.0,8.0,1.0],"texture":"#1","rotation":90},"south":{"uv":[0.0,0.0,8.0,1.0],"texture":"#1","rotation":90},"west":{"uv":[0.0,0.0,8.0,1.0],"texture":"#1","rotation":270}}}]}