{"parent":"nova:block/base","textures":{"1":"machines:block/machine_frame/machine_frame","2":"machines:block/machine_frame/machine_frame","particle":"#inside"},"elements":[{"from":[1.0,1.0,3.0],"to":[3.0,3.0,12.0],"rotation":{"angle":0.0,"axis":"y","origin":[8.0,8.0,8.0]},"faces":{"east":{"uv":[0.0,0.0,9.0,2.0],"texture":"#2"},"west":{"uv":[0.0,0.0,9.0,2.0],"texture":"#2"},"up":{"uv":[0.0,0.0,9.0,2.0],"texture":"#2","rotation":90},"down":{"uv":[0.0,0.0,9.0,2.0],"texture":"#2","rotation":270}}},{"from":[1.0,13.0,3.0],"to":[3.0,15.0,12.0],"rotation":{"angle":0.0,"axis":"y","origin":[8.0,8.0,8.0]},"faces":{"east":{"uv":[0.0,0.0,9.0,2.0],"texture":"#2"},"west":{"uv":[0.0,0.0,9.0,2.0],"texture":"#2"},"up":{"uv":[0.0,0.0,9.0,2.0],"texture":"#2","rotation":90},"down":{"uv":[0.0,0.0,9.0,2.0],"texture":"#2","rotation":270}}},{"from":[13.0,13.0,4.0],"to":[15.0,15.0,13.0],"rotation":{"angle":0.0,"axis":"y","origin":[8.0,8.0,8.0]},"faces":{"east":{"uv":[0.0,0.0,9.0,2.0],"texture":"#2"},"west":{"uv":[0.0,0.0,9.0,2.0],"texture":"#2"},"up":{"uv":[0.0,0.0,9.0,2.0],"texture":"#2","rotation":270},"down":{"uv":[0.0,0.0,9.0,2.0],"texture":"#2","rotation":90}}},{"from":[13.0,1.0,4.0],"to":[15.0,3.0,13.0],"rotation":{"angle":0.0,"axis":"y","origin":[8.0,8.0,8.0]},"faces":{"east":{"uv":[0.0,0.0,9.0,2.0],"texture":"#2"},"west":{"uv":[0.0,0.0,9.0,2.0],"texture":"#2"},"up":{"uv":[0.0,0.0,9.0,2.0],"texture":"#2","rotation":270},"down":{"uv":[0.0,0.0,9.0,2.0],"texture":"#2","rotation":90}}},{"from":[12.0,0.0,12.0],"to":[16.0,4.0,16.0],"faces":{"north":{"uv":[1.0,1.0,5.0,5.0],"texture":"#1"},"east":{"uv":[1.0,1.0,5.0,5.0],"texture":"#1"},"south":{"uv":[1.0,1.0,5.0,5.0],"texture":"#1"},"west":{"uv":[1.0,1.0,5.0,5.0],"texture":"#1"},"up":{"uv":[1.0,1.0,5.0,5.0],"texture":"#1"},"down":{"uv":[1.0,1.0,5.0,5.0],"texture":"#1"}}},{"from":[12.0,12.0,12.0],"to":[16.0,16.0,16.0],"faces":{"north":{"uv":[1.0,1.0,5.0,5.0],"texture":"#1"},"east":{"uv":[1.0,1.0,5.0,5.0],"texture":"#1"},"south":{"uv":[1.0,1.0,5.0,5.0],"texture":"#1"},"west":{"uv":[1.0,1.0,5.0,5.0],"texture":"#1"},"up":{"uv":[1.0,1.0,5.0,5.0],"texture":"#1"},"down":{"uv":[1.0,1.0,5.0,5.0],"texture":"#1"}}},{"from":[0.0,0.0,12.0],"to":[4.0,4.0,16.0],"faces":{"north":{"uv":[1.0,1.0,5.0,5.0],"texture":"#1"},"east":{"uv":[1.0,1.0,5.0,5.0],"texture":"#1"},"south":{"uv":[1.0,1.0,5.0,5.0],"texture":"#1"},"west":{"uv":[1.0,1.0,5.0,5.0],"texture":"#1"},"up":{"uv":[1.0,1.0,5.0,5.0],"texture":"#1"},"down":{"uv":[1.0,1.0,5.0,5.0],"texture":"#1"}}},{"from":[0.0,12.0,12.0],"to":[4.0,16.0,16.0],"faces":{"north":{"uv":[1.0,1.0,5.0,5.0],"texture":"#1"},"east":{"uv":[1.0,1.0,5.0,5.0],"texture":"#1"},"south":{"uv":[1.0,1.0,5.0,5.0],"texture":"#1"},"west":{"uv":[1.0,1.0,5.0,5.0],"texture":"#1"},"up":{"uv":[1.0,1.0,5.0,5.0],"texture":"#1"},"down":{"uv":[1.0,1.0,5.0,5.0],"texture":"#1"}}},{"from":[13.0,4.0,13.0],"to":[15.0,12.0,15.0],"faces":{"north":{"uv":[0.0,0.0,2.0,8.0],"texture":"#2"},"east":{"uv":[0.0,0.0,2.0,8.0],"texture":"#2"},"south":{"uv":[0.0,0.0,2.0,8.0],"texture":"#2"},"west":{"uv":[0.0,0.0,2.0,8.0],"texture":"#2"}}},{"from":[1.0,4.0,13.0],"to":[3.0,12.0,15.0],"faces":{"north":{"uv":[0.0,0.0,2.0,8.0],"texture":"#2"},"east":{"uv":[0.0,0.0,2.0,8.0],"texture":"#2"},"south":{"uv":[0.0,0.0,2.0,8.0],"texture":"#2"},"west":{"uv":[0.0,0.0,2.0,8.0],"texture":"#2"}}},{"from":[3.0,1.0,13.0],"to":[12.0,3.0,15.0],"faces":{"north":{"uv":[0.0,0.0,9.0,2.0],"texture":"#2"},"south":{"uv":[0.0,0.0,9.0,2.0],"texture":"#2"},"up":{"uv":[0.0,0.0,9.0,2.0],"texture":"#2"},"down":{"uv":[0.0,0.0,9.0,2.0],"texture":"#2"}}},{"from":[3.0,13.0,13.0],"to":[12.0,15.0,15.0],"faces":{"north":{"uv":[0.0,0.0,9.0,2.0],"texture":"#2"},"south":{"uv":[0.0,0.0,9.0,2.0],"texture":"#2"},"up":{"uv":[0.0,0.0,9.0,2.0],"texture":"#2"},"down":{"uv":[0.0,0.0,9.0,2.0],"texture":"#2"}}},{"from":[0.0,0.0,0.0],"to":[4.0,4.0,4.0],"rotation":{"angle":0.0,"axis":"y","origin":[8.0,8.0,8.0]},"faces":{"north":{"uv":[1.0,1.0,5.0,5.0],"texture":"#1"},"east":{"uv":[1.0,1.0,5.0,5.0],"texture":"#1"},"south":{"uv":[1.0,1.0,5.0,5.0],"texture":"#1"},"west":{"uv":[1.0,1.0,5.0,5.0],"texture":"#1"},"up":{"uv":[1.0,1.0,5.0,5.0],"texture":"#1","rotation":180},"down":{"uv":[1.0,1.0,5.0,5.0],"texture":"#1","rotation":180}}},{"from":[0.0,12.0,0.0],"to":[4.0,16.0,4.0],"rotation":{"angle":0.0,"axis":"y","origin":[8.0,8.0,8.0]},"faces":{"north":{"uv":[1.0,1.0,5.0,5.0],"texture":"#1"},"east":{"uv":[1.0,1.0,5.0,5.0],"texture":"#1"},"south":{"uv":[1.0,1.0,5.0,5.0],"texture":"#1"},"west":{"uv":[1.0,1.0,5.0,5.0],"texture":"#1"},"up":{"uv":[1.0,1.0,5.0,5.0],"texture":"#1","rotation":180},"down":{"uv":[1.0,1.0,5.0,5.0],"texture":"#1","rotation":180}}},{"from":[12.0,0.0,0.0],"to":[16.0,4.0,4.0],"rotation":{"angle":0.0,"axis":"y","origin":[8.0,8.0,8.0]},"faces":{"north":{"uv":[1.0,1.0,5.0,5.0],"texture":"#1"},"east":{"uv":[1.0,1.0,5.0,5.0],"texture":"#1"},"south":{"uv":[1.0,1.0,5.0,5.0],"texture":"#1"},"west":{"uv":[1.0,1.0,5.0,5.0],"texture":"#1"},"up":{"uv":[1.0,1.0,5.0,5.0],"texture":"#1","rotation":180},"down":{"uv":[1.0,1.0,5.0,5.0],"texture":"#1","rotation":180}}},{"from":[12.0,12.0,0.0],"to":[16.0,16.0,4.0],"rotation":{"angle":0.0,"axis":"y","origin":[8.0,8.0,8.0]},"faces":{"north":{"uv":[1.0,1.0,5.0,5.0],"texture":"#1"},"east":{"uv":[1.0,1.0,5.0,5.0],"texture":"#1"},"south":{"uv":[1.0,1.0,5.0,5.0],"texture":"#1"},"west":{"uv":[1.0,1.0,5.0,5.0],"texture":"#1"},"up":{"uv":[1.0,1.0,5.0,5.0],"texture":"#1","rotation":180},"down":{"uv":[1.0,1.0,5.0,5.0],"texture":"#1","rotation":180}}},{"from":[1.0,4.0,1.0],"to":[3.0,12.0,3.0],"rotation":{"angle":0.0,"axis":"y","origin":[8.0,8.0,8.0]},"faces":{"north":{"uv":[0.0,0.0,2.0,8.0],"texture":"#2"},"east":{"uv":[0.0,0.0,2.0,8.0],"texture":"#2"},"south":{"uv":[0.0,0.0,2.0,8.0],"texture":"#2"},"west":{"uv":[0.0,0.0,2.0,8.0],"texture":"#2"}}},{"from":[13.0,4.0,1.0],"to":[15.0,12.0,3.0],"rotation":{"angle":0.0,"axis":"y","origin":[8.0,8.0,8.0]},"faces":{"north":{"uv":[0.0,0.0,2.0,8.0],"texture":"#2"},"east":{"uv":[0.0,0.0,2.0,8.0],"texture":"#2"},"south":{"uv":[0.0,0.0,2.0,8.0],"texture":"#2"},"west":{"uv":[0.0,0.0,2.0,8.0],"texture":"#2"}}},{"from":[4.0,1.0,1.0],"to":[13.0,3.0,3.0],"rotation":{"angle":0.0,"axis":"y","origin":[8.0,8.0,8.0]},"faces":{"north":{"uv":[0.0,0.0,9.0,2.0],"texture":"#2"},"south":{"uv":[0.0,0.0,9.0,2.0],"texture":"#2"},"up":{"uv":[0.0,0.0,9.0,2.0],"texture":"#2","rotation":180},"down":{"uv":[0.0,0.0,9.0,2.0],"texture":"#2","rotation":180}}},{"from":[4.0,13.0,1.0],"to":[13.0,15.0,3.0],"rotation":{"angle":0.0,"axis":"y","origin":[8.0,8.0,8.0]},"faces":{"north":{"uv":[0.0,0.0,9.0,2.0],"texture":"#2"},"south":{"uv":[0.0,0.0,9.0,2.0],"texture":"#2"},"up":{"uv":[0.0,0.0,9.0,2.0],"texture":"#2","rotation":180},"down":{"uv":[0.0,0.0,9.0,2.0],"texture":"#2","rotation":180}}},{"from":[4.0,4.0,4.0],"to":[12.0,12.0,12.0],"faces":{"north":{"uv":[0.0,0.0,16.0,16.0],"texture":"#inside"},"east":{"uv":[0.0,0.0,16.0,16.0],"texture":"#inside"},"south":{"uv":[0.0,0.0,16.0,16.0],"texture":"#inside"},"west":{"uv":[0.0,0.0,16.0,16.0],"texture":"#inside"},"up":{"uv":[0.0,0.0,16.0,16.0],"texture":"#inside"},"down":{"uv":[0.0,0.0,16.0,16.0],"texture":"#inside"}}}]}